"created_at";"id";"id_str";"full_text";"truncated";"display_text_range";"entities";"metadata";"tweet_source";"in_reply_to_status_id";"in_reply_to_status_id_str";"in_reply_to_user_id";"in_reply_to_user_id_str";"in_reply_to_screen_name";"geo";"coordinates";"place";"contributors";"is_quote_status";"retweet_count";"favorite_count";"favorited";"retweeted";"possibly_sensitive";"lang";"quoted_status";"text";"favorited_by";"scopes";"display_text_width";"retweeted_status";"quoted_status_id";"quoted_status_id_str";"quoted_status_permalink";"quote_count";"timestamp_ms";"reply_count";"filter_level";"query";"withheld_scope";"withheld_copyright";"withheld_in_countries";"possibly_sensitive_appealable";"id_user";"id_str_user";"name_user";"screen_name_user";"location_user";"description_user";"url_user";"protected_user";"followers_count_user";"friends_count_user";"listed_count_user";"created_at_user";"favourites_count_user";"verified_user";"statuses_count_user";"profile_image_url_https_user";"profile_banner_url_user";"default_profile_user";"default_profile_image_user";"withheld_in_countries_user";"derived_user";"withheld_scope_user";"entities_user";"tweet_link";"company_id"
"2022-06-20 09:15:36";"1538812800583213056";"1538812800583213057";"üöñ From beon. we have accompanied @Repsol at @FeriadelTaxi of IFEMA MADRID

Do you like the stand? üëè

-----

üöñ Desde beon. hemos acompa√±ado a @Repsol en la @FeriadelTaxi de IFEMA MADRID

¬øTe gusta el stand? üëè

#IFEMADRID #eventos #events https://t.co/iNQYuzag6k";"FALSE";"236";"{""hashtags"":[{""text"":""IFEMADRID"",""indices"":[[209,219]]},{""text"":""eventos"",""indices"":[[220,228]]},{""text"":""events"",""indices"":[[229,236]]}],""symbols"":[{""indices"":[null]}],""user_mentions"":[{""screen_name"":""Repsol"",""name"":""Repsol"",""id"":253298167,""id_str"":""253298167"",""indices"":{""start"":33,""end"":40}},{""screen_name"":""FeriadelTaxi"",""name"":""Feria del Taxi"",""id"":7.20194666491199e+17,""id_str"":""720194666491199488"",""indices"":{""start"":44,""end"":57}},{""screen_name"":""Repsol"",""name"":""Repsol"",""id"":253298167,""id_str"":""253298167"",""indices"":{""start"":141,""end"":148}},{""screen_name"":""FeriadelTaxi"",""name"":""Feria del Taxi"",""id"":7.20194666491199e+17,""id_str"":""720194666491199488"",""indices"":{""start"":155,""end"":168}}],""urls"":[{""indices"":[null],""unwound"":[null]}],""media"":[{""id"":1.53881191362215e+18,""id_str"":""1538811913622147073"",""indices"":[{""start"":237,""end"":260}],""media_url"":""http://pbs.twimg.com/media/FVr1SE-WUAEOrO3.jpg"",""media_url_https"":""https://pbs.twimg.com/media/FVr1SE-WUAEOrO3.jpg"",""url"":""https://t.co/iNQYuzag6k"",""display_url"":""pic.twitter.com/iNQYuzag6k"",""expanded_url"":""https://twitter.com/beonworldwide/status/1538812800583213057/photo/1"",""type"":""photo"",""sizes"":[{""w"":1080,""h"":1080,""resize"":""fit"",""type"":""large""},{""w"":680,""h"":680,""resize"":""fit"",""type"":""small""},{""w"":150,""h"":150,""resize"":""crop"",""type"":""thumb""},{""w"":1080,""h"":1080,""resize"":""fit"",""type"":""medium""}]}]}";"[{""iso_language_code"":""en"",""result_type"":""recent""}]";"Web App";;;;;;;"[{}]";"[{""geo"":{},""coordinates"":{},""place"":{""contained_within"":{},""attributes"":{},""bounding_box"":[{}]}}]";;"FALSE";"0";"0";"FALSE";"FALSE";"FALSE";"en";;"üöñ From beon. we have accompanied @Repsol at @FeriadelTaxi of IFEMA MADRID

Do you like the stand? üëè

-----

üöñ Desde beon. hemos acompa√±ado a @Repsol en la @FeriadelTaxi de IFEMA MADRID

¬øTe gusta el stand? üëè

#IFEMADRID #eventos #events https://t.co/iNQYuzag6k";;;;;;;;;;;;;;;;;"512121245";"512121245";"beon. Worldwide";"beonworldwide";"Spain, France, Portugal and Italy.";"Agencia internacional de servicios integrales:comunicaci√≥n,creatividad, eventos,publicidad,producci√≥n,tecnolog√≠a y entertainment.
(+34) 91579823 info@beonww.com";"https://t.co/KbxaFWVoyM";"FALSE";"8490";"1349";"301";"Fri Mar 02 16:09:15 +0000 2012";"7082";"FALSE";"11780";"https://pbs.twimg.com/profile_images/981478172981067777/8OJN18mg_normal.jpg";"https://pbs.twimg.com/profile_banners/512121245/1571071654";"FALSE";"FALSE";"[]";;;"{""description"":[{""indices"":[null],""unwound"":[null]}],""url"":[{""url"":""https://t.co/KbxaFWVoyM"",""expanded_url"":""http://www.beonww.com"",""display_url"":""beonww.com"",""indices"":{""start"":0,""end"":23}}]}";"https://twitter.com/beonworldwide/status/1538812800583213057";"1"
"2022-06-20 09:15:00";"1538812650179682304";"1538812650179682305";"#JornadasEnerclub #CEWPC22
Annual Event of The Spanish Committee of the World Petroleum Council ‚ÄúA Dialogue on the Future of Energy‚Äù
üìÖ29 de junio
Evento presencial enüá¨üáß en el Auditorio Repsol en Madrid 
Patrocinado por @Repsol  

Reserva tu plaza en: https://t.co/hhzSqc2hqr https://t.co/0zJNDoOIgt";"FALSE";"274";"{""hashtags"":[{""text"":""JornadasEnerclub"",""indices"":[[0,17]]},{""text"":""CEWPC22"",""indices"":[[18,26]]}],""symbols"":[{""indices"":[null]}],""user_mentions"":[{""screen_name"":""Repsol"",""name"":""Repsol"",""id"":253298167,""id_str"":""253298167"",""indices"":{""start"":219,""end"":226}}],""urls"":[{""url"":""https://t.co/hhzSqc2hqr"",""expanded_url"":""https://bit.ly/3zAodFE"",""display_url"":""bit.ly/3zAodFE"",""indices"":{""start"":251,""end"":274}}],""media"":[{""id"":1.53809986489827e+18,""id_str"":""1538099864898265089"",""indices"":[{""start"":275,""end"":298}],""media_url"":""http://pbs.twimg.com/media/FVhtrYxWYAEvU6r.png"",""media_url_https"":""https://pbs.twimg.com/media/FVhtrYxWYAEvU6r.png"",""url"":""https://t.co/0zJNDoOIgt"",""display_url"":""pic.twitter.com/0zJNDoOIgt"",""expanded_url"":""https://twitter.com/Enerclub/status/1538812650179682305/photo/1"",""type"":""photo"",""sizes"":[{""w"":458,""h"":478,""resize"":""fit"",""type"":""large""},{""w"":458,""h"":478,""resize"":""fit"",""type"":""small""},{""w"":150,""h"":150,""resize"":""crop"",""type"":""thumb""},{""w"":458,""h"":478,""resize"":""fit"",""type"":""medium""}]}]}";"[{""iso_language_code"":""en"",""result_type"":""recent""}]";"Web App";;;;;;;"[{}]";"[{""geo"":{},""coordinates"":{},""place"":{""contained_within"":{},""attributes"":{},""bounding_box"":[{}]}}]";;"FALSE";"1";"1";"FALSE";"FALSE";"FALSE";"en";;"#JornadasEnerclub #CEWPC22
Annual Event of The Spanish Committee of the World Petroleum Council ‚ÄúA Dialogue on the Future of Energy‚Äù
üìÖ29 de junio
Evento presencial enüá¨üáß en el Auditorio Repsol en Madrid 
Patrocinado por @Repsol  

Reserva tu plaza en: https://t.co/hhzSqc2hqr https://t.co/0zJNDoOIgt";;;;;;;;;;;;;;;;;"934781545";"934781545";"Club Espa√±ol de la Energ√≠a";"Enerclub";"Madrid, Espa√±a";"Asociaci√≥n cuyo principal objetivo es contribuir a la mejor comprensi√≥n de la energ√≠a. 
Pol√≠tica de Privacidad: https://t.co/G1gDZmatYk";"https://t.co/zFrq0M1qP7";"FALSE";"7030";"924";"172";"Thu Nov 08 15:37:32 +0000 2012";"6381";"FALSE";"23078";"https://pbs.twimg.com/profile_images/1536352813302824960/OypSl14J_normal.jpg";"https://pbs.twimg.com/profile_banners/934781545/1641468829";"FALSE";"FALSE";"[]";;;"{""description"":[{""url"":""https://t.co/G1gDZmatYk"",""expanded_url"":""http://bit.ly/2x6VVDY"",""display_url"":""bit.ly/2x6VVDY"",""indices"":{""start"":112,""end"":135}}],""url"":[{""url"":""https://t.co/zFrq0M1qP7"",""expanded_url"":""http://www.enerclub.es/"",""display_url"":""enerclub.es"",""indices"":{""start"":0,""end"":23}}]}";"https://twitter.com/Enerclub/status/1538812650179682305";"1"
"2022-06-20 08:55:25";"1538807724582096896";"1538807724582096896";"EL ABUSO DE LAS GASOLINERAS
¬øEs legal que por pagar 20‚Ç¨ de gasolina con la tarjeta de @Mutua_responde no me apliquen los 0,20 centimos por litro que establece el R.D.? @Repsol @EspejoPublico @consumidores https://t.co/C7ikzyWjI7";"FALSE";"204";"{""hashtags"":[{""indices"":[null]}],""symbols"":[{""indices"":[null]}],""user_mentions"":[{""screen_name"":""Mutua_responde"",""name"":""Mutua Madrile√±a"",""id"":381389915,""id_str"":""381389915"",""indices"":{""start"":86,""end"":101}},{""screen_name"":""Repsol"",""name"":""Repsol"",""id"":253298167,""id_str"":""253298167"",""indices"":{""start"":168,""end"":175}},{""screen_name"":""EspejoPublico"",""name"":""Espejo P√∫blico"",""id"":69036854,""id_str"":""69036854"",""indices"":{""start"":176,""end"":190}},{""screen_name"":""consumidores"",""name"":""OCU"",""id"":23520746,""id_str"":""23520746"",""indices"":{""start"":191,""end"":204}}],""urls"":[{""indices"":[null],""unwound"":[null]}],""media"":[{""id"":1.53880771173493e+18,""id_str"":""1538807711734931457"",""indices"":[{""start"":205,""end"":228}],""media_url"":""http://pbs.twimg.com/media/FVrxdfuXoAEBuVg.jpg"",""media_url_https"":""https://pbs.twimg.com/media/FVrxdfuXoAEBuVg.jpg"",""url"":""https://t.co/C7ikzyWjI7"",""display_url"":""pic.twitter.com/C7ikzyWjI7"",""expanded_url"":""https://twitter.com/ChemoDCB/status/1538807724582096896/photo/1"",""type"":""photo"",""sizes"":[{""w"":1528,""h"":2048,""resize"":""fit"",""type"":""large""},{""w"":507,""h"":680,""resize"":""fit"",""type"":""small""},{""w"":150,""h"":150,""resize"":""crop"",""type"":""thumb""},{""w"":895,""h"":1200,""resize"":""fit"",""type"":""medium""}]}]}";"[{""iso_language_code"":""es"",""result_type"":""recent""}]";"Android";;;;;;;"[{}]";"[{""geo"":{},""coordinates"":{},""place"":{""contained_within"":{},""attributes"":{},""bounding_box"":[{}]}}]";;"FALSE";"0";"0";"FALSE";"FALSE";"FALSE";"es";;"EL ABUSO DE LAS GASOLINERAS
¬øEs legal que por pagar 20‚Ç¨ de gasolina con la tarjeta de @Mutua_responde no me apliquen los 0,20 centimos por litro que establece el R.D.? @Repsol @EspejoPublico @consumidores https://t.co/C7ikzyWjI7";;;;;;;;;;;;;;;;;"1537711195154694144";"1537711195154694146";"Jose Miguel";"ChemoDCB";"";"Lucha por tu hermano, muere por tu reino,  vive por la paz en este gran imperio,
nunca habr√° derrota si nos hacen presos,
solo tras de muertos capitularemos.üá™";;"FALSE";"275";"558";"0";"Fri Jun 17 08:18:35 +0000 2022";"78";"FALSE";"24";"https://pbs.twimg.com/profile_images/1537911028838592512/lJg9UB0j_normal.jpg";;"TRUE";"FALSE";"[]";;;"{""description"":[{""indices"":[null],""unwound"":[null]}],""url"":[{""indices"":[null],""unwound"":[null]}]}";"https://twitter.com/ChemoDCB/status/1538807724582096896";"1"
"2022-06-20 08:41:42";"1538804271180808192";"1538804271180808192";"Hola @Repsol. Lo de, en una misma factura el√©ctrica, usar 3 unidades distintas (kWh, kW mes y kW a√±o) est√° muy bien. Sobre todo para enga√±ar. @consumidores @facua @consumogob @agarzon";"FALSE";"183";"{""hashtags"":[{""indices"":[null]}],""symbols"":[{""indices"":[null]}],""user_mentions"":[{""screen_name"":""Repsol"",""name"":""Repsol"",""id"":253298167,""id_str"":""253298167"",""indices"":{""start"":5,""end"":12}},{""screen_name"":""consumidores"",""name"":""OCU"",""id"":23520746,""id_str"":""23520746"",""indices"":{""start"":142,""end"":155}},{""screen_name"":""facua"",""name"":""FACUA"",""id"":8077212,""id_str"":""8077212"",""indices"":{""start"":156,""end"":162}},{""screen_name"":""consumogob"",""name"":""Ministerio de Consumo"",""id"":1.22425809060389e+18,""id_str"":""1224258090603892736"",""indices"":{""start"":163,""end"":174}},{""screen_name"":""agarzon"",""name"":""Alberto Garz√≥nüîª"",""id"":11904592,""id_str"":""11904592"",""indices"":{""start"":175,""end"":183}}],""urls"":[{""indices"":[null],""unwound"":[null]}],""media"":[{""indices"":[null],""sizes"":[null]}]}";"[{""iso_language_code"":""es"",""result_type"":""recent""}]";"Android";;;;;;;"[{}]";"[{""geo"":{},""coordinates"":{},""place"":{""contained_within"":{},""attributes"":{},""bounding_box"":[{}]}}]";;"FALSE";"0";"0";"FALSE";"FALSE";;"es";;"Hola @Repsol. Lo de, en una misma factura el√©ctrica, usar 3 unidades distintas (kWh, kW mes y kW a√±o) est√° muy bien. Sobre todo para enga√±ar. @consumidores @facua @consumogob @agarzon";;;;;;;;;;;;;;;;;"94104948";"94104948";"JD";"Jesus_D";"";"";;"FALSE";"41";"76";"3";"Wed Dec 02 14:55:12 +0000 2009";"27";"FALSE";"1452";"https://pbs.twimg.com/profile_images/2911720149/a572a6962910564f1f308c218eae9375_normal.jpeg";;"TRUE";"FALSE";"[]";;;"{""description"":[{""indices"":[null],""unwound"":[null]}],""url"":[{""indices"":[null],""unwound"":[null]}]}";"https://twitter.com/Jesus_D/status/1538804271180808192";"1"
"2022-06-20 08:30:00";"1538801326666174464";"1538801326666174464";"#JornadasEnerclub 
Te vienes elüìÖ28 de junio. 9:30 CEST para hablar de  #Hidr√≥geno Renovable y sobre los usos e impacto en el Sistema Energetico, regulaci√≥n, tecnolog√≠a, econom√≠a, industria, movilidad 
Patrocinado @Repsol  y @ExolumGroup

Inscr√≠beteüëâhttps://t.co/YPQ99zdwW8 https://t.co/88V8LVfwKb";"FALSE";"272";"{""hashtags"":[{""text"":""JornadasEnerclub"",""indices"":[[0,17]]},{""text"":""Hidr√≥geno"",""indices"":[[71,81]]}],""symbols"":[{""indices"":[null]}],""user_mentions"":[{""screen_name"":""Repsol"",""name"":""Repsol"",""id"":253298167,""id_str"":""253298167"",""indices"":{""start"":213,""end"":220}},{""screen_name"":""ExolumGroup"",""name"":""Exolum Group"",""id"":429076021,""id_str"":""429076021"",""indices"":{""start"":224,""end"":236}}],""urls"":[{""url"":""https://t.co/YPQ99zdwW8"",""expanded_url"":""https://bit.ly/38wkVYN"",""display_url"":""bit.ly/38wkVYN"",""indices"":{""start"":249,""end"":272}}],""media"":[{""id"":1.53809940266077e+18,""id_str"":""1538099402660773891"",""indices"":[{""start"":273,""end"":296}],""media_url"":""http://pbs.twimg.com/media/FVhtQezWAAM1oAV.png"",""media_url_https"":""https://pbs.twimg.com/media/FVhtQezWAAM1oAV.png"",""url"":""https://t.co/88V8LVfwKb"",""display_url"":""pic.twitter.com/88V8LVfwKb"",""expanded_url"":""https://twitter.com/Enerclub/status/1538801326666174464/photo/1"",""type"":""photo"",""sizes"":[{""w"":458,""h"":461,""resize"":""fit"",""type"":""large""},{""w"":458,""h"":461,""resize"":""fit"",""type"":""small""},{""w"":150,""h"":150,""resize"":""crop"",""type"":""thumb""},{""w"":458,""h"":461,""resize"":""fit"",""type"":""medium""}]}]}";"[{""iso_language_code"":""es"",""result_type"":""recent""}]";"Web App";;;;;;;"[{}]";"[{""geo"":{},""coordinates"":{},""place"":{""contained_within"":{},""attributes"":{},""bounding_box"":[{}]}}]";;"FALSE";"0";"0";"FALSE";"FALSE";"FALSE";"es";;"#JornadasEnerclub 
Te vienes elüìÖ28 de junio. 9:30 CEST para hablar de  #Hidr√≥geno Renovable y sobre los usos e impacto en el Sistema Energetico, regulaci√≥n, tecnolog√≠a, econom√≠a, industria, movilidad 
Patrocinado @Repsol  y @ExolumGroup

Inscr√≠beteüëâhttps://t.co/YPQ99zdwW8 https://t.co/88V8LVfwKb";;;;;;;;;;;;;;;;;"934781545";"934781545";"Club Espa√±ol de la Energ√≠a";"Enerclub";"Madrid, Espa√±a";"Asociaci√≥n cuyo principal objetivo es contribuir a la mejor comprensi√≥n de la energ√≠a. 
Pol√≠tica de Privacidad: https://t.co/G1gDZmatYk";"https://t.co/zFrq0M1qP7";"FALSE";"7030";"924";"172";"Thu Nov 08 15:37:32 +0000 2012";"6381";"FALSE";"23078";"https://pbs.twimg.com/profile_images/1536352813302824960/OypSl14J_normal.jpg";"https://pbs.twimg.com/profile_banners/934781545/1641468829";"FALSE";"FALSE";"[]";;;"{""description"":[{""url"":""https://t.co/G1gDZmatYk"",""expanded_url"":""http://bit.ly/2x6VVDY"",""display_url"":""bit.ly/2x6VVDY"",""indices"":{""start"":112,""end"":135}}],""url"":[{""url"":""https://t.co/zFrq0M1qP7"",""expanded_url"":""http://www.enerclub.es/"",""display_url"":""enerclub.es"",""indices"":{""start"":0,""end"":23}}]}";"https://twitter.com/Enerclub/status/1538801326666174464";"1"
"2022-06-20 08:20:10";"1538798852333088768";"1538798852333088768";"Alg√∫ m'explicaa de qu√® serveix tindre i patir @Repsol a #Tarragona si la immensa majoria dels mortals estem veient com facturen m√©s que mai a la hist√≤ria a costa de trinxar-nos la salut, el medi ambient i la butxaca...i molt m√©s que ho far√†.";"FALSE";"241";"{""hashtags"":[{""text"":""Tarragona"",""indices"":[[56,66]]}],""symbols"":[{""indices"":[null]}],""user_mentions"":[{""screen_name"":""Repsol"",""name"":""Repsol"",""id"":253298167,""id_str"":""253298167"",""indices"":{""start"":46,""end"":53}}],""urls"":[{""indices"":[null],""unwound"":[null]}],""media"":[{""indices"":[null],""sizes"":[null]}]}";"[{""iso_language_code"":""ca"",""result_type"":""recent""}]";"Android";;;;;;;"[{}]";"[{""geo"":{},""coordinates"":{},""place"":{""contained_within"":{},""attributes"":{},""bounding_box"":[{}]}}]";;"FALSE";"2";"4";"FALSE";"FALSE";;"ca";;"Alg√∫ m'explicaa de qu√® serveix tindre i patir @Repsol a #Tarragona si la immensa majoria dels mortals estem veient com facturen m√©s que mai a la hist√≤ria a costa de trinxar-nos la salut, el medi ambient i la butxaca...i molt m√©s que ho far√†.";;;;;;;;;;;;;;;;;"2277355870";"2277355870";"Albert Montbri√≥";"AlbertMambri";"Pa√Øsos Catalans";"üé∂No cal dubtar,que no √©s parlant,sin√≥ amb gaiato que tot anir√† canviantüé∂
üïµForadat.Mutxarrillu.‚ò≠üê¶Aqu√≠? Disparo,despr√©s pregunto. Si entres,saps a lo que vens";"https://t.co/leLPiFBMU0";"FALSE";"822";"607";"4";"Sun Jan 12 18:16:43 +0000 2014";"11208";"FALSE";"6195";"https://pbs.twimg.com/profile_images/1514616326047756288/uAHYPvHL_normal.jpg";"https://pbs.twimg.com/profile_banners/2277355870/1612371647";"FALSE";"FALSE";"[]";;;"{""description"":[{""indices"":[null],""unwound"":[null]}],""url"":[{""url"":""https://t.co/leLPiFBMU0"",""expanded_url"":""https://kimjongunlookingatthings.com/"",""display_url"":""kimjongunlookingatthings.com"",""indices"":{""start"":0,""end"":23}}]}";"https://twitter.com/AlbertMambri/status/1538798852333088768";"1"
"2022-06-20 08:03:16";"1538794597429694464";"1538794597429694464";"Voy a echar gasoil y veo que la manguera tiene una fuga y que el suelo est√° lleno de gotas, la soluci√≥n del gasolinero al dec√≠rselo; darme una toallita (supongo q pa limpiarme las l√°grimas de pagar 2.09‚Ç¨ el litro) @Repsol https://t.co/hBFWJefEku";"FALSE";"221";"{""hashtags"":[{""indices"":[null]}],""symbols"":[{""indices"":[null]}],""user_mentions"":[{""screen_name"":""Repsol"",""name"":""Repsol"",""id"":253298167,""id_str"":""253298167"",""indices"":{""start"":214,""end"":221}}],""urls"":[{""indices"":[null],""unwound"":[null]}],""media"":[{""id"":1.5387945906518e+18,""id_str"":""1538794590651797504"",""indices"":[{""start"":222,""end"":245}],""media_url"":""http://pbs.twimg.com/media/FVrlhv4X0AAbIyY.jpg"",""media_url_https"":""https://pbs.twimg.com/media/FVrlhv4X0AAbIyY.jpg"",""url"":""https://t.co/hBFWJefEku"",""display_url"":""pic.twitter.com/hBFWJefEku"",""expanded_url"":""https://twitter.com/PepeFernndezRi1/status/1538794597429694464/photo/1"",""type"":""photo"",""sizes"":[{""w"":1152,""h"":2048,""resize"":""fit"",""type"":""large""},{""w"":383,""h"":680,""resize"":""fit"",""type"":""small""},{""w"":150,""h"":150,""resize"":""crop"",""type"":""thumb""},{""w"":675,""h"":1200,""resize"":""fit"",""type"":""medium""}]}]}";"[{""iso_language_code"":""es"",""result_type"":""recent""}]";"Android";;;;;;;"[{}]";"[{""geo"":{},""coordinates"":{},""place"":{""contained_within"":{},""attributes"":{},""bounding_box"":[{}]}}]";;"FALSE";"0";"0";"FALSE";"FALSE";"FALSE";"es";;"Voy a echar gasoil y veo que la manguera tiene una fuga y que el suelo est√° lleno de gotas, la soluci√≥n del gasolinero al dec√≠rselo; darme una toallita (supongo q pa limpiarme las l√°grimas de pagar 2.09‚Ç¨ el litro) @Repsol https://t.co/hBFWJefEku";;;;;;;;;;;;;;;;;"1123838782510456832";"1123838782510456838";"Pepe";"PepeFernndezRi1";"Jerez-Sanl√∫car";"@lucialagosss_ üåà‚ù§";;"FALSE";"229";"209";"0";"Thu May 02 06:37:00 +0000 2019";"5639";"FALSE";"8954";"https://pbs.twimg.com/profile_images/1506020991495020545/V02RkpLj_normal.jpg";"https://pbs.twimg.com/profile_banners/1123838782510456838/1558355535";"TRUE";"FALSE";"[]";;;"{""description"":[{""indices"":[null],""unwound"":[null]}],""url"":[{""indices"":[null],""unwound"":[null]}]}";"https://twitter.com/PepeFernndezRi1/status/1538794597429694464";"1"
"2022-06-20 07:41:35";"1538789142552797184";"1538789142552797185";"Tengo muchas dudas sobre el tipo de *biocombustible* del que se habla aqu√≠. Si es *hidrobiodiesel* no estoy seguro que el balance total de CO2 (producci√≥n del fuel incluido) sea negativo. M√°s datos, ‚Å¶@Iberia‚Å© ‚Å¶@Repsol, por favor üôèüèª  https://t.co/5cnVu3NBvj";"FALSE";"256";"{""hashtags"":[{""indices"":[null]}],""symbols"":[{""indices"":[null]}],""user_mentions"":[{""screen_name"":""Iberia"",""name"":""Iberia"",""id"":16629918,""id_str"":""16629918"",""indices"":{""start"":200,""end"":207}},{""screen_name"":""Repsol"",""name"":""Repsol"",""id"":253298167,""id_str"":""253298167"",""indices"":{""start"":210,""end"":217}}],""urls"":[{""url"":""https://t.co/5cnVu3NBvj"",""expanded_url"":""https://elpais.com/economia/2022-06-01/iberia-inaugura-su-vuelo-a-washington-con-biocombustible-de-repsol.html"",""display_url"":""elpais.com/economia/2022-‚Ä¶"",""indices"":{""start"":233,""end"":256}}],""media"":[{""indices"":[null],""sizes"":[null]}]}";"[{""iso_language_code"":""es"",""result_type"":""recent""}]";"iPhone";;;;;;;"[{}]";"[{""geo"":{},""coordinates"":{},""place"":{""contained_within"":{},""attributes"":{},""bounding_box"":[{}]}}]";;"FALSE";"0";"1";"FALSE";"FALSE";"FALSE";"es";;"Tengo muchas dudas sobre el tipo de *biocombustible* del que se habla aqu√≠. Si es *hidrobiodiesel* no estoy seguro que el balance total de CO2 (producci√≥n del fuel incluido) sea negativo. M√°s datos, ‚Å¶@Iberia‚Å© ‚Å¶@Repsol, por favor üôèüèª  https://t.co/5cnVu3NBvj";;;;;;;;;;;;;;;;;"775286364";"775286364";"V√≠ctor de Lorenzo";"vdlorenzo_CNB";"CNB Madrid (Spain)";"Environmental Microbiology meets Synthetic Biology in Southern Europe (opinions/pontifications are mine only). Long live P. putida üí™!  #SinCienciaNoHayFuturo";"https://t.co/DfjHn3HfBb";"FALSE";"8663";"359";"102";"Thu Aug 23 06:07:42 +0000 2012";"6741";"FALSE";"13153";"https://pbs.twimg.com/profile_images/768181464189972481/1gO6gbao_normal.jpg";"https://pbs.twimg.com/profile_banners/775286364/1420450245";"FALSE";"FALSE";"[]";;;"{""description"":[{""indices"":[null],""unwound"":[null]}],""url"":[{""url"":""https://t.co/DfjHn3HfBb"",""expanded_url"":""https://vdl-lab.com/"",""display_url"":""vdl-lab.com"",""indices"":{""start"":0,""end"":23}}]}";"https://twitter.com/vdlorenzo_CNB/status/1538789142552797185";"1"
"2022-06-20 07:11:05";"1538781465357561856";"1538781465357561856";"üá™üá∫ Recibimos en Cartagena a los miembros de la Comisi√≥n de Pol√≠tica Econ√≥mica del Comit√© Europeo de las Regiones.

üí™ Mostramos en @Repsol m√∫sculo empresarial de la Regi√≥n para evidenciar nuestra capacidad de producci√≥n. 

üåø Por una Red industrial sostenible y duradera.

üì∏üì∏ https://t.co/XmhpqLE5v6";"FALSE";"273";"{""hashtags"":[{""indices"":[null]}],""symbols"":[{""indices"":[null]}],""user_mentions"":[{""screen_name"":""Repsol"",""name"":""Repsol"",""id"":253298167,""id_str"":""253298167"",""indices"":{""start"":130,""end"":137}}],""urls"":[{""indices"":[null],""unwound"":[null]}],""media"":[{""id"":1.53878143677753e+18,""id_str"":""1538781436777533442"",""indices"":[{""start"":274,""end"":297}],""media_url"":""http://pbs.twimg.com/media/FVrZkF4XEAI2JZF.jpg"",""media_url_https"":""https://pbs.twimg.com/media/FVrZkF4XEAI2JZF.jpg"",""url"":""https://t.co/XmhpqLE5v6"",""display_url"":""pic.twitter.com/XmhpqLE5v6"",""expanded_url"":""https://twitter.com/vallemiguelez/status/1538781465357561856/photo/1"",""type"":""photo"",""sizes"":[{""w"":2048,""h"":922,""resize"":""fit"",""type"":""large""},{""w"":680,""h"":306,""resize"":""fit"",""type"":""small""},{""w"":150,""h"":150,""resize"":""crop"",""type"":""thumb""},{""w"":1200,""h"":540,""resize"":""fit"",""type"":""medium""}]}]}";"[{""iso_language_code"":""es"",""result_type"":""recent""}]";"Android";;;;;;;"[{}]";"[{""geo"":{},""coordinates"":{},""place"":{""contained_within"":{},""attributes"":{},""bounding_box"":[{}]}}]";;"FALSE";"7";"8";"FALSE";"FALSE";"FALSE";"es";;"üá™üá∫ Recibimos en Cartagena a los miembros de la Comisi√≥n de Pol√≠tica Econ√≥mica del Comit√© Europeo de las Regiones.

üí™ Mostramos en @Repsol m√∫sculo empresarial de la Regi√≥n para evidenciar nuestra capacidad de producci√≥n. 

üåø Por una Red industrial sostenible y duradera.

üì∏üì∏ https://t.co/XmhpqLE5v6";;;;;;;;;;;;;;;;;"3182522109";"3182522109";"Valle Migu√©lez üá™üá∏üá™üá∫";"vallemiguelez";"Regi√≥n de Murcia, Espa√±a";"Consejera de @Empresa_RM, Empleo, Universidades y Portavoz del Gobierno de la @RegionDeMurcia | Diputada en @AsambleaMurcia";"https://t.co/6dEHX1rxrq";"FALSE";"2815";"999";"37";"Sun Apr 19 09:42:15 +0000 2015";"13852";"FALSE";"12342";"https://pbs.twimg.com/profile_images/1420825511429918727/-7Gd_FP-_normal.jpg";"https://pbs.twimg.com/profile_banners/3182522109/1635327280";"TRUE";"FALSE";"[]";;;"{""description"":[{""indices"":[null],""unwound"":[null]}],""url"":[{""url"":""https://t.co/6dEHX1rxrq"",""expanded_url"":""https://www.linkedin.com/mwlite/in/valle-miguelez-santiago"",""display_url"":""linkedin.com/mwlite/in/vall‚Ä¶"",""indices"":{""start"":0,""end"":23}}]}";"https://twitter.com/vallemiguelez/status/1538781465357561856";"1"
"2022-06-20 07:09:32";"1538781076038074368";"1538781076038074368";"@AlaouiH40738825 @Cepsa @Cepsa_ES @Shell @Repsol En Espagne!!!";"FALSE";"62";"{""hashtags"":[{""indices"":[null]}],""symbols"":[{""indices"":[null]}],""user_mentions"":[{""screen_name"":""AlaouiH40738825"",""name"":""Alaoui Hafid"",""id"":1.37265280511947e+18,""id_str"":""1372652805119471622"",""indices"":{""start"":0,""end"":16}},{""screen_name"":""Cepsa"",""name"":""Cepsa Corporate"",""id"":1092645127,""id_str"":""1092645127"",""indices"":{""start"":17,""end"":23}},{""screen_name"":""Cepsa_ES"",""name"":""Cepsa Espa√±a"",""id"":1324563871,""id_str"":""1324563871"",""indices"":{""start"":24,""end"":33}},{""screen_name"":""Shell"",""name"":""Shell"",""id"":20663500,""id_str"":""20663500"",""indices"":{""start"":34,""end"":40}},{""screen_name"":""Repsol"",""name"":""Repsol"",""id"":253298167,""id_str"":""253298167"",""indices"":{""start"":41,""end"":48}}],""urls"":[{""indices"":[null],""unwound"":[null]}],""media"":[{""indices"":[null],""sizes"":[null]}]}";"[{""iso_language_code"":""fr"",""result_type"":""recent""}]";"iPhone";"1538765138307829760";"1538765138307829760";"1372652805119471616";"1372652805119471622";"AlaouiH40738825";;"[{}]";"[{""geo"":{},""coordinates"":{},""place"":{""contained_within"":{},""attributes"":{},""bounding_box"":[{}]}}]";;"FALSE";"0";"0";"FALSE";"FALSE";;"fr";;"@AlaouiH40738825 @Cepsa @Cepsa_ES @Shell @Repsol En Espagne!!!";;;;;;;;;;;;;;;;;"1210197127";"1210197127";"Hathormentada";"Hathormentada";"En el cielo ";"#tabernaria que solo quiere re√≠rse..";"https://t.co/71bARlL8Y7";"FALSE";"165";"432";"0";"Sat Feb 23 00:37:16 +0000 2013";"9733";"FALSE";"2259";"https://pbs.twimg.com/profile_images/1263837421273255937/3NRuMrez_normal.jpg";"https://pbs.twimg.com/profile_banners/1210197127/1590157298";"TRUE";"FALSE";"[]";;;"{""description"":[{""indices"":[null],""unwound"":[null]}],""url"":[{""url"":""https://t.co/71bARlL8Y7"",""expanded_url"":""http://www.shsecondhand.es"",""display_url"":""shsecondhand.es"",""indices"":{""start"":0,""end"":23}}]}";"https://twitter.com/Hathormentada/status/1538781076038074368";"1"
"2022-06-20 07:08:13";"1538780745438842880";"1538780745438842880";"#Biocombustibles vitales para descarbonizar el transporte a√©reo, reduciendo la emisi√≥n neta de CO2 hasta en un 80%
El reto producir vol√∫menes a precios razonables
@Iberia @Repsol apuestan por ello ‚úàÔ∏èüåà
Entrevista directora de Sostenibilidad de @Iberia 
https://t.co/PE0vxgC0bz https://t.co/8BJuK0kTvF";"FALSE";"275";"{""hashtags"":[{""text"":""Biocombustibles"",""indices"":[[0,16]]}],""symbols"":[{""indices"":[null]}],""user_mentions"":[{""screen_name"":""Iberia"",""name"":""Iberia"",""id"":16629918,""id_str"":""16629918"",""indices"":{""start"":163,""end"":170}},{""screen_name"":""Repsol"",""name"":""Repsol"",""id"":253298167,""id_str"":""253298167"",""indices"":{""start"":171,""end"":178}},{""screen_name"":""Iberia"",""name"":""Iberia"",""id"":16629918,""id_str"":""16629918"",""indices"":{""start"":243,""end"":250}}],""urls"":[{""url"":""https://t.co/PE0vxgC0bz"",""expanded_url"":""https://bit.ly/3bdRprU"",""display_url"":""bit.ly/3bdRprU"",""indices"":{""start"":252,""end"":275}}],""media"":[{""id"":1.53877962223768e+18,""id_str"":""1538779622237675522"",""indices"":[{""start"":276,""end"":299}],""media_url"":""http://pbs.twimg.com/media/FVrX6eMWIAI53TI.jpg"",""media_url_https"":""https://pbs.twimg.com/media/FVrX6eMWIAI53TI.jpg"",""url"":""https://t.co/8BJuK0kTvF"",""display_url"":""pic.twitter.com/8BJuK0kTvF"",""expanded_url"":""https://twitter.com/Gemaguviz/status/1538780745438842880/photo/1"",""type"":""photo"",""sizes"":[{""w"":664,""h"":440,""resize"":""fit"",""type"":""large""},{""w"":664,""h"":440,""resize"":""fit"",""type"":""small""},{""w"":150,""h"":150,""resize"":""crop"",""type"":""thumb""},{""w"":664,""h"":440,""resize"":""fit"",""type"":""medium""}]}]}";"[{""iso_language_code"":""es"",""result_type"":""recent""}]";"Web App";;;;;;;"[{}]";"[{""geo"":{},""coordinates"":{},""place"":{""contained_within"":{},""attributes"":{},""bounding_box"":[{}]}}]";;"FALSE";"0";"2";"FALSE";"FALSE";"FALSE";"es";;"#Biocombustibles vitales para descarbonizar el transporte a√©reo, reduciendo la emisi√≥n neta de CO2 hasta en un 80%
El reto producir vol√∫menes a precios razonables
@Iberia @Repsol apuestan por ello ‚úàÔ∏èüåà
Entrevista directora de Sostenibilidad de @Iberia 
https://t.co/PE0vxgC0bz https://t.co/8BJuK0kTvF";;;;;;;;;;;;;;;;;"499170285";"499170285";"Gema Guti√©rrez Vizmanos";"Gemaguviz";"";"Trabajo en el apasionante mundo de la #comunicaci√≥n en @Repsol. Financiera de formaci√≥n, decid√≠ dar un giro de 360¬∫. La mejor decisi√≥n profesional de mi vida";;"FALSE";"64";"367";"1";"Tue Feb 21 21:07:06 +0000 2012";"369";"FALSE";"224";"https://pbs.twimg.com/profile_images/1467253020694134786/9ySk7xer_normal.jpg";"https://pbs.twimg.com/profile_banners/499170285/1638654017";"TRUE";"FALSE";"[]";;;"{""description"":[{""indices"":[null],""unwound"":[null]}],""url"":[{""indices"":[null],""unwound"":[null]}]}";"https://twitter.com/Gemaguviz/status/1538780745438842880";"1"
"2022-06-20 06:28:17";"1538770697429864448";"1538770697429864449";"@elEconomistaes @Repsol @Agenda2030_";"FALSE";"36";"{""hashtags"":[{""indices"":[null]}],""symbols"":[{""indices"":[null]}],""user_mentions"":[{""screen_name"":""elEconomistaes"",""name"":""elEconomista.es"",""id"":166507237,""id_str"":""166507237"",""indices"":{""start"":0,""end"":15}},{""screen_name"":""Repsol"",""name"":""Repsol"",""id"":253298167,""id_str"":""253298167"",""indices"":{""start"":16,""end"":23}},{""screen_name"":""Agenda2030_"",""name"":""Agenda 2030"",""id"":1.40351883883104e+18,""id_str"":""1403518838831042561"",""indices"":{""start"":24,""end"":36}}],""urls"":[{""indices"":[null],""unwound"":[null]}],""media"":[{""indices"":[null],""sizes"":[null]}]}";"[{""iso_language_code"":""und"",""result_type"":""recent""}]";"Android";"1538769088352243712";"1538769088352243712";"166507237";"166507237";"elEconomistaes";;"[{}]";"[{""geo"":{},""coordinates"":{},""place"":{""contained_within"":{},""attributes"":{},""bounding_box"":[{}]}}]";;"FALSE";"0";"0";"FALSE";"FALSE";;"und";;"@elEconomistaes @Repsol @Agenda2030_";;;;;;;;;;;;;;;;;"848078426";"848078426";"Josema G.Rivas";"Jos3max";"Murcia, Espa√±a";"RRLL en la UMU. Entre hermanos, sue√±os y partidos de baloncesto crec√≠.  https://t.co/4vLvLlsOVl";"https://t.co/tiUgJkYpNY";"FALSE";"419";"433";"1";"Wed Sep 26 20:34:19 +0000 2012";"11784";"FALSE";"7883";"https://pbs.twimg.com/profile_images/976595908283523072/RJZdIYiD_normal.jpg";"https://pbs.twimg.com/profile_banners/848078426/1452602573";"FALSE";"FALSE";"[]";;;"{""description"":[{""url"":""https://t.co/4vLvLlsOVl"",""expanded_url"":""http://instagram.com/69peones"",""display_url"":""instagram.com/69peones"",""indices"":{""start"":72,""end"":95}}],""url"":[{""url"":""https://t.co/tiUgJkYpNY"",""expanded_url"":""http://69peones.blogspot.com.es/"",""display_url"":""69peones.blogspot.com.es"",""indices"":{""start"":0,""end"":23}}]}";"https://twitter.com/Jos3max/status/1538770697429864449";"1"
"2022-06-20 06:21:54";"1538769088352243712";"1538769088352243712";"‚úÖA partir de septiembre, la formaci√≥n sobre transici√≥n ecol√≥gica y la Agenda 2030 entran de lleno en el curr√≠culum de los colegios e institutos espa√±oles

üí°Ofrecido por @Repsol https://t.co/pRK7HOjIKN";"FALSE";"200";"{""hashtags"":[{""indices"":[null]}],""symbols"":[{""indices"":[null]}],""user_mentions"":[{""screen_name"":""Repsol"",""name"":""Repsol"",""id"":253298167,""id_str"":""253298167"",""indices"":{""start"":169,""end"":176}}],""urls"":[{""url"":""https://t.co/pRK7HOjIKN"",""expanded_url"":""https://www.eleconomista.es/branded-content/noticias/11824824/06/22/Como-hacer-de-la-sostenibilidad-una-asignatura-obligatoria.html?utm_medium=Social&utm_campaign=EchoboxTWeE&utm_source=Twitter#Echobox=1655705833"",""display_url"":""eleconomista.es/branded-conten‚Ä¶"",""indices"":{""start"":177,""end"":200}}],""media"":[{""indices"":[null],""sizes"":[null]}]}";"[{""iso_language_code"":""es"",""result_type"":""recent""}]";"Echobox";;;;;;;"[{}]";"[{""geo"":{},""coordinates"":{},""place"":{""contained_within"":{},""attributes"":{},""bounding_box"":[{}]}}]";;"FALSE";"1";"0";"FALSE";"FALSE";"FALSE";"es";;"‚úÖA partir de septiembre, la formaci√≥n sobre transici√≥n ecol√≥gica y la Agenda 2030 entran de lleno en el curr√≠culum de los colegios e institutos espa√±oles

üí°Ofrecido por @Repsol https://t.co/pRK7HOjIKN";;;;;;;;;;;;;;;;;"166507237";"166507237";"elEconomista.es";"elEconomistaes";"Espa√±a";"Medio l√≠der en informaci√≥n de #econom√≠a, #empresas, sectores, #bolsa y #mercados üìä";"https://t.co/4M1jESZOVC";"FALSE";"723114";"435";"9233";"Wed Jul 14 09:33:34 +0000 2010";"21135";"TRUE";"292692";"https://pbs.twimg.com/profile_images/899527230833012736/uMjGoE60_normal.jpg";"https://pbs.twimg.com/profile_banners/166507237/1643645754";"FALSE";"FALSE";"[]";;;"{""description"":[{""indices"":[null],""unwound"":[null]}],""url"":[{""url"":""https://t.co/4M1jESZOVC"",""expanded_url"":""https://www.eleconomista.es"",""display_url"":""eleconomista.es"",""indices"":{""start"":0,""end"":23}}]}";"https://twitter.com/elEconomistaes/status/1538769088352243712";"1"
"2022-06-20 06:06:12";"1538765138307829760";"1538765138307829760";"@Hathormentada @Cepsa @Cepsa_ES @Shell @Repsol Alo bjr vs etes ou amie";"FALSE";"70";"{""hashtags"":[{""indices"":[null]}],""symbols"":[{""indices"":[null]}],""user_mentions"":[{""screen_name"":""Hathormentada"",""name"":""Hathormentada"",""id"":1210197127,""id_str"":""1210197127"",""indices"":{""start"":0,""end"":14}},{""screen_name"":""Cepsa"",""name"":""Cepsa Corporate"",""id"":1092645127,""id_str"":""1092645127"",""indices"":{""start"":15,""end"":21}},{""screen_name"":""Cepsa_ES"",""name"":""Cepsa Espa√±a"",""id"":1324563871,""id_str"":""1324563871"",""indices"":{""start"":22,""end"":31}},{""screen_name"":""Shell"",""name"":""Shell"",""id"":20663500,""id_str"":""20663500"",""indices"":{""start"":32,""end"":38}},{""screen_name"":""Repsol"",""name"":""Repsol"",""id"":253298167,""id_str"":""253298167"",""indices"":{""start"":39,""end"":46}}],""urls"":[{""indices"":[null],""unwound"":[null]}],""media"":[{""indices"":[null],""sizes"":[null]}]}";"[{""iso_language_code"":""ht"",""result_type"":""recent""}]";"Android";"1538646013791113216";"1538646013791113216";"1210197127";"1210197127";"Hathormentada";;"[{}]";"[{""geo"":{},""coordinates"":{},""place"":{""contained_within"":{},""attributes"":{},""bounding_box"":[{}]}}]";;"FALSE";"0";"1";"FALSE";"FALSE";;"ht";;"@Hathormentada @Cepsa @Cepsa_ES @Shell @Repsol Alo bjr vs etes ou amie";;;;;;;;;;;;;;;;;"1372652805119471616";"1372652805119471622";"Alaoui Hafid";"AlaouiH40738825";"Agdal Riyad, Royaume du Maroc";"diplomate globetrotter polyglotte artiste peintre
et footballeur";;"FALSE";"14";"95";"0";"Thu Mar 18 20:55:31 +0000 2021";"18";"FALSE";"147";"https://pbs.twimg.com/profile_images/1372653387234344964/kBOsayP8_normal.jpg";;"TRUE";"FALSE";"[]";;;"{""description"":[{""indices"":[null],""unwound"":[null]}],""url"":[{""indices"":[null],""unwound"":[null]}]}";"https://twitter.com/AlaouiH40738825/status/1538765138307829760";"1"
"2022-06-20 05:52:16";"1538761630581985280";"1538761630581985283";"@Repsol @movistar_es Hola!
Para formar parte del equipo gestor de Solar360 donde tengo que enviar el C.V
Gracias.";"FALSE";"113";"{""hashtags"":[{""indices"":[null]}],""symbols"":[{""indices"":[null]}],""user_mentions"":[{""screen_name"":""Repsol"",""name"":""Repsol"",""id"":253298167,""id_str"":""253298167"",""indices"":{""start"":0,""end"":7}},{""screen_name"":""movistar_es"",""name"":""Movistar Espa√±a"",""id"":44992826,""id_str"":""44992826"",""indices"":{""start"":8,""end"":20}}],""urls"":[{""indices"":[null],""unwound"":[null]}],""media"":[{""indices"":[null],""sizes"":[null]}]}";"[{""iso_language_code"":""es"",""result_type"":""recent""}]";"Web App";"1536278794675408896";"1536278794675408897";"253298167";"253298167";"Repsol";;"[{}]";"[{""geo"":{},""coordinates"":{},""place"":{""contained_within"":{},""attributes"":{},""bounding_box"":[{}]}}]";;"FALSE";"0";"0";"FALSE";"FALSE";;"es";;"@Repsol @movistar_es Hola!
Para formar parte del equipo gestor de Solar360 donde tengo que enviar el C.V
Gracias.";;;;;;;;;;;;;;;;;"2210223032";"2210223032";"Aina üå°Ô∏èüíöüá¶üá©üíöüá±üáÆ";"Karallot1";"Andorra-Liechtenstein ";"‚ÄúOs dieron a elegir entre el deshonor o la guerra. Elegisteis el deshonor y ahora tendr√©is la guerra‚Äù. 1939,
W.Churchill.";;"FALSE";"941";"223";"3";"Sat Nov 23 07:44:31 +0000 2013";"731";"FALSE";"12195";"https://pbs.twimg.com/profile_images/1476516799583858690/TQv4O95n_normal.jpg";"https://pbs.twimg.com/profile_banners/2210223032/1636781160";"TRUE";"FALSE";"[]";;;"{""description"":[{""indices"":[null],""unwound"":[null]}],""url"":[{""indices"":[null],""unwound"":[null]}]}";"https://twitter.com/Karallot1/status/1538761630581985283";"1"
"2022-06-19 23:40:05";"1538667970158899200";"1538667970158899202";"Se habr√°n dado cuenta en @Repsol que las cientos de giras musicales que recorren el pa√≠s cada fin de semana evitan repostar en sus gasolineras ante la imposibilidad de llevarse la factura impresa??? Y que el rollo de conseguirla a posteriori por la web, es un callej√≥n sin salida?";"FALSE";"280";"{""hashtags"":[{""indices"":[null]}],""symbols"":[{""indices"":[null]}],""user_mentions"":[{""screen_name"":""Repsol"",""name"":""Repsol"",""id"":253298167,""id_str"":""253298167"",""indices"":{""start"":25,""end"":32}}],""urls"":[{""indices"":[null],""unwound"":[null]}],""media"":[{""indices"":[null],""sizes"":[null]}]}";"[{""iso_language_code"":""es"",""result_type"":""recent""}]";"Android";;;;;;;"[{}]";"[{""geo"":{},""coordinates"":{},""place"":{""id"":""206c436ce43a43a3"",""url"":""https://api.twitter.com/1.1/geo/id/206c436ce43a43a3.json"",""place_type"":""city"",""name"":""Madrid"",""full_name"":""Madrid, Spain"",""country_code"":""ES"",""country"":""Spain"",""contained_within"":[],""attributes"":{},""bounding_box"":[{""long"":-3.889,""lat"":40.3121,""type"":""Polygon""},{""long"":-3.518,""lat"":40.3121,""type"":""Polygon""},{""long"":-3.518,""lat"":40.6435,""type"":""Polygon""},{""long"":-3.889,""lat"":40.6435,""type"":""Polygon""}]}}]";;"FALSE";"0";"0";"FALSE";"FALSE";;"es";;"Se habr√°n dado cuenta en @Repsol que las cientos de giras musicales que recorren el pa√≠s cada fin de semana evitan repostar en sus gasolineras ante la imposibilidad de llevarse la factura impresa??? Y que el rollo de conseguirla a posteriori por la web, es un callej√≥n sin salida?";;;;;;;;;;;;;;;;;"304464776";"304464776";"txabi manzano";"txabil";"madrid";"pens√°is que todo tiene un l√≠mite, as√≠ est√°is todos, limitados.";;"FALSE";"157";"607";"2";"Tue May 24 15:18:47 +0000 2011";"23591";"FALSE";"12087";"https://pbs.twimg.com/profile_images/378800000227263855/eb73debba09259d7c77a26e1ce2a2cd1_normal.jpeg";"https://pbs.twimg.com/profile_banners/304464776/1375396042";"FALSE";"FALSE";"[]";;;"{""description"":[{""indices"":[null],""unwound"":[null]}],""url"":[{""indices"":[null],""unwound"":[null]}]}";"https://twitter.com/txabil/status/1538667970158899202";"1"
"2022-06-19 23:18:29";"1538662532084387840";"1538662532084387840";"@Iberia_en @Repsol Be careful booking flights with IBERIA. They lost my flights and left me stranded in Seville with absolutely no assistance to get back to Dublin. Disgraceful. Disregarded my complaint. Cost me a fortune to get home in the end! Maybe try another operator.";"FALSE";"273";"{""hashtags"":[{""indices"":[null]}],""symbols"":[{""indices"":[null]}],""user_mentions"":[{""screen_name"":""Iberia_en"",""name"":""Iberia_en"",""id"":142608485,""id_str"":""142608485"",""indices"":{""start"":0,""end"":10}},{""screen_name"":""Repsol"",""name"":""Repsol"",""id"":253298167,""id_str"":""253298167"",""indices"":{""start"":11,""end"":18}}],""urls"":[{""indices"":[null],""unwound"":[null]}],""media"":[{""indices"":[null],""sizes"":[null]}]}";"[{""iso_language_code"":""en"",""result_type"":""recent""}]";"Web App";"1532304134904369152";"1532304134904369154";"142608485";"142608485";"Iberia_en";;"[{}]";"[{""geo"":{},""coordinates"":{},""place"":{""contained_within"":{},""attributes"":{},""bounding_box"":[{}]}}]";;"FALSE";"0";"0";"FALSE";"FALSE";;"en";;"@Iberia_en @Repsol Be careful booking flights with IBERIA. They lost my flights and left me stranded in Seville with absolutely no assistance to get back to Dublin. Disgraceful. Disregarded my complaint. Cost me a fortune to get home in the end! Maybe try another operator.";;;;;;;;;;;;;;;;;"782537655598850048";"782537655598850048";"Brian O'Sullivan";"BrianOS1961";"Dublin City, Ireland";"";;"FALSE";"2";"90";"0";"Sun Oct 02 11:08:10 +0000 2016";"3";"FALSE";"119";"https://pbs.twimg.com/profile_images/1045647733997096960/QJPto76M_normal.jpg";;"TRUE";"FALSE";"[]";;;"{""description"":[{""indices"":[null],""unwound"":[null]}],""url"":[{""indices"":[null],""unwound"":[null]}]}";"https://twitter.com/BrianOS1961/status/1538662532084387840";"1"
"2022-06-19 22:12:51";"1538646013791113216";"1538646013791113216";"A ver #gasolineras @Cepsa @Cepsa_ES @Shell @Repsol Los que hemos puesto #GLP en nuestro veh√≠culo necesitamos donde repostar en carretera, si no nos ayudan no podemos ni ser ecol√≥gicos ni ahorrar!! Tbn necesitamos una #APP actualizada con gasolineras donde haya GLP";"FALSE";"264";"{""hashtags"":[{""text"":""gasolineras"",""indices"":[[6,18]]},{""text"":""GLP"",""indices"":[[72,76]]},{""text"":""APP"",""indices"":[[217,221]]}],""symbols"":[{""indices"":[null]}],""user_mentions"":[{""screen_name"":""Cepsa"",""name"":""Cepsa Corporate"",""id"":1092645127,""id_str"":""1092645127"",""indices"":{""start"":19,""end"":25}},{""screen_name"":""Cepsa_ES"",""name"":""Cepsa Espa√±a"",""id"":1324563871,""id_str"":""1324563871"",""indices"":{""start"":26,""end"":35}},{""screen_name"":""Shell"",""name"":""Shell"",""id"":20663500,""id_str"":""20663500"",""indices"":{""start"":36,""end"":42}},{""screen_name"":""Repsol"",""name"":""Repsol"",""id"":253298167,""id_str"":""253298167"",""indices"":{""start"":43,""end"":50}}],""urls"":[{""indices"":[null],""unwound"":[null]}],""media"":[{""indices"":[null],""sizes"":[null]}]}";"[{""iso_language_code"":""es"",""result_type"":""recent""}]";"iPhone";;;;;;;"[{}]";"[{""geo"":{},""coordinates"":{},""place"":{""contained_within"":{},""attributes"":{},""bounding_box"":[{}]}}]";;"FALSE";"0";"0";"FALSE";"FALSE";;"es";;"A ver #gasolineras @Cepsa @Cepsa_ES @Shell @Repsol Los que hemos puesto #GLP en nuestro veh√≠culo necesitamos donde repostar en carretera, si no nos ayudan no podemos ni ser ecol√≥gicos ni ahorrar!! Tbn necesitamos una #APP actualizada con gasolineras donde haya GLP";;;;;;;;;;;;;;;;;"1210197127";"1210197127";"Hathormentada";"Hathormentada";"En el cielo ";"#tabernaria que solo quiere re√≠rse..";"https://t.co/71bARlL8Y7";"FALSE";"165";"432";"0";"Sat Feb 23 00:37:16 +0000 2013";"9733";"FALSE";"2259";"https://pbs.twimg.com/profile_images/1263837421273255937/3NRuMrez_normal.jpg";"https://pbs.twimg.com/profile_banners/1210197127/1590157298";"TRUE";"FALSE";"[]";;;"{""description"":[{""indices"":[null],""unwound"":[null]}],""url"":[{""url"":""https://t.co/71bARlL8Y7"",""expanded_url"":""http://www.shsecondhand.es"",""display_url"":""shsecondhand.es"",""indices"":{""start"":0,""end"":23}}]}";"https://twitter.com/Hathormentada/status/1538646013791113216";"1"
"2022-06-19 22:03:16";"1538643605891457024";"1538643605891457025";"@Repsol como es posible que su GLP no sea compatible con otros y no podamos reportar en gasolineras @repsol si llevamos en el dep√≥sito de otra marca??";"FALSE";"150";"{""hashtags"":[{""indices"":[null]}],""symbols"":[{""indices"":[null]}],""user_mentions"":[{""screen_name"":""Repsol"",""name"":""Repsol"",""id"":253298167,""id_str"":""253298167"",""indices"":{""start"":0,""end"":7}},{""screen_name"":""Repsol"",""name"":""Repsol"",""id"":253298167,""id_str"":""253298167"",""indices"":{""start"":100,""end"":107}}],""urls"":[{""indices"":[null],""unwound"":[null]}],""media"":[{""indices"":[null],""sizes"":[null]}]}";"[{""iso_language_code"":""es"",""result_type"":""recent""}]";"iPhone";;;"253298167";"253298167";"Repsol";;"[{}]";"[{""geo"":{},""coordinates"":{},""place"":{""contained_within"":{},""attributes"":{},""bounding_box"":[{}]}}]";;"FALSE";"0";"0";"FALSE";"FALSE";;"es";;"@Repsol como es posible que su GLP no sea compatible con otros y no podamos reportar en gasolineras @repsol si llevamos en el dep√≥sito de otra marca??";;;;;;;;;;;;;;;;;"1210197127";"1210197127";"Hathormentada";"Hathormentada";"En el cielo ";"#tabernaria que solo quiere re√≠rse..";"https://t.co/71bARlL8Y7";"FALSE";"165";"432";"0";"Sat Feb 23 00:37:16 +0000 2013";"9733";"FALSE";"2259";"https://pbs.twimg.com/profile_images/1263837421273255937/3NRuMrez_normal.jpg";"https://pbs.twimg.com/profile_banners/1210197127/1590157298";"TRUE";"FALSE";"[]";;;"{""description"":[{""indices"":[null],""unwound"":[null]}],""url"":[{""url"":""https://t.co/71bARlL8Y7"",""expanded_url"":""http://www.shsecondhand.es"",""display_url"":""shsecondhand.es"",""indices"":{""start"":0,""end"":23}}]}";"https://twitter.com/Hathormentada/status/1538643605891457025";"1"
"2022-06-19 21:55:02";"1538641532202455040";"1538641532202455050";"@bp_Espana deseo todo el mal posible a todo aqu√©l que haya tenido algo que ver o haya aceptado esta subida. Ojal√° mur√°is todos entre terrible sufrimiento. @GobiernoEs @PSOE @PODEMOS @Repsol @vox_es @populares @sanchezcastejon 
@IreneMontero poder terminar mes tambi√©n es igualdad https://t.co/va2B9dVvfT";"FALSE";"279";"{""hashtags"":[{""indices"":[null]}],""symbols"":[{""indices"":[null]}],""user_mentions"":[{""screen_name"":""bp_Espana"",""name"":""bp Espa√±a"",""id"":1.13403306427807e+18,""id_str"":""1134033064278069248"",""indices"":{""start"":0,""end"":10}},{""screen_name"":""GobiernoEs"",""name"":""Gobierno de Espa√±a"",""id"":1561153004,""id_str"":""1561153004"",""indices"":{""start"":155,""end"":166}},{""screen_name"":""PSOE"",""name"":""PSOE"",""id"":50982086,""id_str"":""50982086"",""indices"":{""start"":167,""end"":172}},{""screen_name"":""PODEMOS"",""name"":""PODEMOS"",""id"":2288138575,""id_str"":""2288138575"",""indices"":{""start"":173,""end"":181}},{""screen_name"":""Repsol"",""name"":""Repsol"",""id"":253298167,""id_str"":""253298167"",""indices"":{""start"":182,""end"":189}},{""screen_name"":""vox_es"",""name"":""VOX üá™üá∏"",""id"":2201623465,""id_str"":""2201623465"",""indices"":{""start"":190,""end"":197}},{""screen_name"":""populares"",""name"":""Partido Popular"",""id"":20509689,""id_str"":""20509689"",""indices"":{""start"":198,""end"":208}},{""screen_name"":""sanchezcastejon"",""name"":""Pedro S√°nchez"",""id"":68740712,""id_str"":""68740712"",""indices"":{""start"":209,""end"":225}},{""screen_name"":""IreneMontero"",""name"":""Irene Montero"",""id"":372812630,""id_str"":""372812630"",""indices"":{""start"":227,""end"":240}}],""urls"":[{""indices"":[null],""unwound"":[null]}],""media"":[{""id"":1.53864152591104e+18,""id_str"":""1538641525911044098"",""indices"":[{""start"":280,""end"":303}],""media_url"":""http://pbs.twimg.com/media/FVpaUNSXwAIUbZK.jpg"",""media_url_https"":""https://pbs.twimg.com/media/FVpaUNSXwAIUbZK.jpg"",""url"":""https://t.co/va2B9dVvfT"",""display_url"":""pic.twitter.com/va2B9dVvfT"",""expanded_url"":""https://twitter.com/BernatTheBest/status/1538641532202455050/photo/1"",""type"":""photo"",""sizes"":[{""w"":1536,""h"":2048,""resize"":""fit"",""type"":""large""},{""w"":510,""h"":680,""resize"":""fit"",""type"":""small""},{""w"":150,""h"":150,""resize"":""crop"",""type"":""thumb""},{""w"":900,""h"":1200,""resize"":""fit"",""type"":""medium""}]}]}";"[{""iso_language_code"":""es"",""result_type"":""recent""}]";"iPhone";;;"1134033064278069248";"1134033064278069248";"bp_Espana";;"[{}]";"[{""geo"":{},""coordinates"":{},""place"":{""contained_within"":{},""attributes"":{},""bounding_box"":[{}]}}]";;"FALSE";"0";"0";"FALSE";"FALSE";"FALSE";"es";;"@bp_Espana deseo todo el mal posible a todo aqu√©l que haya tenido algo que ver o haya aceptado esta subida. Ojal√° mur√°is todos entre terrible sufrimiento. @GobiernoEs @PSOE @PODEMOS @Repsol @vox_es @populares @sanchezcastejon 
@IreneMontero poder terminar mes tambi√©n es igualdad https://t.co/va2B9dVvfT";;;;;;;;;;;;;;;;;"793071539369472000";"793071539369472001";"Ber J";"BernatTheBest";"Comunidad Valenciana, Espa√±a";"Soy un t√≠o de puta madre. Y siempre digo la verdad, incluso cuando miento.";;"FALSE";"30";"168";"1";"Mon Oct 31 12:46:04 +0000 2016";"158";"FALSE";"150";"https://pbs.twimg.com/profile_images/793076267448934401/s38z5aXj_normal.jpg";"https://pbs.twimg.com/profile_banners/793071539369472001/1477920982";"TRUE";"FALSE";"[]";;;"{""description"":[{""indices"":[null],""unwound"":[null]}],""url"":[{""indices"":[null],""unwound"":[null]}]}";"https://twitter.com/BernatTheBest/status/1538641532202455050";"1"
